{
  "4. Login Owner" : {
    "transaction" : "4. Login Owner",
    "sampleCount" : 3,
    "errorCount" : 0,
    "errorPct" : 0.0,
    "meanResTime" : 162.0,
    "medianResTime" : 146.0,
    "minResTime" : 132.0,
    "maxResTime" : 208.0,
    "pct1ResTime" : 208.0,
    "pct2ResTime" : 208.0,
    "pct3ResTime" : 208.0,
    "throughput" : 2.6200873362445414,
    "receivedKBytesPerSec" : 4.032478165938865,
    "sentKBytesPerSec" : 0.6473457969432315
  },
  "Total" : {
    "transaction" : "Total",
    "sampleCount" : 15,
    "errorCount" : 3,
    "errorPct" : 20.0,
    "meanResTime" : 172.4,
    "medianResTime" : 135.0,
    "minResTime" : 2.0,
    "maxResTime" : 622.0,
    "pct1ResTime" : 455.2000000000001,
    "pct2ResTime" : 622.0,
    "pct3ResTime" : 622.0,
    "throughput" : 7.163323782234958,
    "receivedKBytesPerSec" : 19.013587929799428,
    "sentKBytesPerSec" : 2.406429083094556
  },
  "3. Create Booking" : {
    "transaction" : "3. Create Booking",
    "sampleCount" : 3,
    "errorCount" : 0,
    "errorPct" : 0.0,
    "meanResTime" : 435.3333333333333,
    "medianResTime" : 344.0,
    "minResTime" : 340.0,
    "maxResTime" : 622.0,
    "pct1ResTime" : 622.0,
    "pct2ResTime" : 622.0,
    "pct3ResTime" : 622.0,
    "throughput" : 1.9243104554201411,
    "receivedKBytesPerSec" : 2.5331743104554203,
    "sentKBytesPerSec" : 1.1425593329057089
  },
  "2. Property Search" : {
    "transaction" : "2. Property Search",
    "sampleCount" : 3,
    "errorCount" : 0,
    "errorPct" : 0.0,
    "meanResTime" : 93.0,
    "medianResTime" : 96.0,
    "minResTime" : 86.0,
    "maxResTime" : 97.0,
    "pct1ResTime" : 97.0,
    "pct2ResTime" : 97.0,
    "pct3ResTime" : 97.0,
    "throughput" : 2.2727272727272725,
    "receivedKBytesPerSec" : 17.777876420454543,
    "sentKBytesPerSec" : 0.2996271306818182
  },
  "1. Login Traveler" : {
    "transaction" : "1. Login Traveler",
    "sampleCount" : 3,
    "errorCount" : 0,
    "errorPct" : 0.0,
    "meanResTime" : 169.33333333333334,
    "medianResTime" : 159.0,
    "minResTime" : 135.0,
    "maxResTime" : 214.0,
    "pct1ResTime" : 214.0,
    "pct2ResTime" : 214.0,
    "pct3ResTime" : 214.0,
    "throughput" : 2.086230876216968,
    "receivedKBytesPerSec" : 3.253623739568846,
    "sentKBytesPerSec" : 0.5276697235744089
  },
  "5. Owner Accept Booking" : {
    "transaction" : "5. Owner Accept Booking",
    "sampleCount" : 3,
    "errorCount" : 3,
    "errorPct" : 100.0,
    "meanResTime" : 2.3333333333333335,
    "medianResTime" : 2.0,
    "minResTime" : 2.0,
    "maxResTime" : 3.0,
    "pct1ResTime" : 3.0,
    "pct2ResTime" : 3.0,
    "pct3ResTime" : 3.0,
    "throughput" : 3.0,
    "receivedKBytesPerSec" : 3.1025390625,
    "sentKBytesPerSec" : 1.3623046875
  }
}