{
  "Total" : {
    "transaction" : "Total",
    "sampleCount" : 3,
    "errorCount" : 1,
    "errorPct" : 33.333332,
    "meanResTime" : 207.0,
    "medianResTime" : 209.0,
    "minResTime" : 114.0,
    "maxResTime" : 298.0,
    "pct1ResTime" : 298.0,
    "pct2ResTime" : 298.0,
    "pct3ResTime" : 298.0,
    "throughput" : 4.754358161648177,
    "receivedKBytesPerSec" : 16.51489451267829,
    "sentKBytesPerSec" : 1.1978753961965134
  },
  "3. Create Booking" : {
    "transaction" : "3. Create Booking",
    "sampleCount" : 1,
    "errorCount" : 1,
    "errorPct" : 100.0,
    "meanResTime" : 298.0,
    "medianResTime" : 298.0,
    "minResTime" : 298.0,
    "maxResTime" : 298.0,
    "pct1ResTime" : 298.0,
    "pct2ResTime" : 298.0,
    "pct3ResTime" : 298.0,
    "throughput" : 3.3557046979865772,
    "receivedKBytesPerSec" : 3.486786912751678,
    "sentKBytesPerSec" : 1.2452810402684564
  },
  "2. Property Search" : {
    "transaction" : "2. Property Search",
    "sampleCount" : 1,
    "errorCount" : 0,
    "errorPct" : 0.0,
    "meanResTime" : 114.0,
    "medianResTime" : 114.0,
    "minResTime" : 114.0,
    "maxResTime" : 114.0,
    "pct1ResTime" : 114.0,
    "pct2ResTime" : 114.0,
    "pct3ResTime" : 114.0,
    "throughput" : 8.771929824561402,
    "receivedKBytesPerSec" : 68.61636513157895,
    "sentKBytesPerSec" : 1.156455592105263
  },
  "1. Login Traveler" : {
    "transaction" : "1. Login Traveler",
    "sampleCount" : 1,
    "errorCount" : 0,
    "errorPct" : 0.0,
    "meanResTime" : 209.0,
    "medianResTime" : 209.0,
    "minResTime" : 209.0,
    "maxResTime" : 209.0,
    "pct1ResTime" : 209.0,
    "pct2ResTime" : 209.0,
    "pct3ResTime" : 209.0,
    "throughput" : 4.784688995215311,
    "receivedKBytesPerSec" : 7.462058911483254,
    "sentKBytesPerSec" : 1.2101898923444976
  }
}