{
  "4. Login Owner" : {
    "transaction" : "4. Login Owner",
    "sampleCount" : 3,
    "errorCount" : 0,
    "errorPct" : 0.0,
    "meanResTime" : 172.33333333333334,
    "medianResTime" : 166.0,
    "minResTime" : 165.0,
    "maxResTime" : 186.0,
    "pct1ResTime" : 186.0,
    "pct2ResTime" : 186.0,
    "pct3ResTime" : 186.0,
    "throughput" : 2.5597269624573378,
    "receivedKBytesPerSec" : 3.939579778156997,
    "sentKBytesPerSec" : 0.6324325405290103
  },
  "Total" : {
    "transaction" : "Total",
    "sampleCount" : 15,
    "errorCount" : 0,
    "errorPct" : 0.0,
    "meanResTime" : 195.26666666666665,
    "medianResTime" : 165.0,
    "minResTime" : 88.0,
    "maxResTime" : 618.0,
    "pct1ResTime" : 453.0000000000001,
    "pct2ResTime" : 618.0,
    "pct3ResTime" : 618.0,
    "throughput" : 6.784260515603799,
    "receivedKBytesPerSec" : 18.385080987109905,
    "sentKBytesPerSec" : 2.312213789009498
  },
  "3. Create Booking" : {
    "transaction" : "3. Create Booking",
    "sampleCount" : 3,
    "errorCount" : 0,
    "errorPct" : 0.0,
    "meanResTime" : 432.0,
    "medianResTime" : 343.0,
    "minResTime" : 335.0,
    "maxResTime" : 618.0,
    "pct1ResTime" : 618.0,
    "pct2ResTime" : 618.0,
    "pct3ResTime" : 618.0,
    "throughput" : 1.8703241895261844,
    "receivedKBytesPerSec" : 2.4621064526184537,
    "sentKBytesPerSec" : 1.110504987531172
  },
  "2. Property Search" : {
    "transaction" : "2. Property Search",
    "sampleCount" : 3,
    "errorCount" : 0,
    "errorPct" : 0.0,
    "meanResTime" : 91.66666666666667,
    "medianResTime" : 91.0,
    "minResTime" : 89.0,
    "maxResTime" : 95.0,
    "pct1ResTime" : 95.0,
    "pct2ResTime" : 95.0,
    "pct3ResTime" : 95.0,
    "throughput" : 2.1961932650073206,
    "receivedKBytesPerSec" : 17.179207082723277,
    "sentKBytesPerSec" : 0.28953719802342603
  },
  "1. Login Traveler" : {
    "transaction" : "1. Login Traveler",
    "sampleCount" : 3,
    "errorCount" : 0,
    "errorPct" : 0.0,
    "meanResTime" : 190.66666666666666,
    "medianResTime" : 192.0,
    "minResTime" : 162.0,
    "maxResTime" : 218.0,
    "pct1ResTime" : 218.0,
    "pct2ResTime" : 218.0,
    "pct3ResTime" : 218.0,
    "throughput" : 2.008032128514056,
    "receivedKBytesPerSec" : 3.1316672941767068,
    "sentKBytesPerSec" : 0.5078909387550201
  },
  "5. Owner Accept Booking" : {
    "transaction" : "5. Owner Accept Booking",
    "sampleCount" : 3,
    "errorCount" : 0,
    "errorPct" : 0.0,
    "meanResTime" : 89.66666666666667,
    "medianResTime" : 89.0,
    "minResTime" : 88.0,
    "maxResTime" : 92.0,
    "pct1ResTime" : 92.0,
    "pct2ResTime" : 92.0,
    "pct3ResTime" : 92.0,
    "throughput" : 2.72975432211101,
    "receivedKBytesPerSec" : 3.582802547770701,
    "sentKBytesPerSec" : 1.3062300955414012
  }
}