{
  "Total" : {
    "transaction" : "Total",
    "sampleCount" : 600,
    "errorCount" : 0,
    "errorPct" : 0.0,
    "meanResTime" : 221.08500000000006,
    "medianResTime" : 181.0,
    "minResTime" : 81.0,
    "maxResTime" : 1066.0,
    "pct1ResTime" : 353.0,
    "pct2ResTime" : 377.74999999999966,
    "pct3ResTime" : 823.96,
    "throughput" : 9.952724558347848,
    "receivedKBytesPerSec" : 35.49221925022808,
    "sentKBytesPerSec" : 3.246298830554865
  },
  "3. Create Booking" : {
    "transaction" : "3. Create Booking",
    "sampleCount" : 200,
    "errorCount" : 0,
    "errorPct" : 0.0,
    "meanResTime" : 356.6449999999999,
    "medianResTime" : 342.0,
    "minResTime" : 318.0,
    "maxResTime" : 849.0,
    "pct1ResTime" : 368.9,
    "pct2ResTime" : 432.44999999999965,
    "pct3ResTime" : 819.99,
    "throughput" : 3.3386194808446708,
    "receivedKBytesPerSec" : 4.3949795509556795,
    "sentKBytesPerSec" : 1.9823053167515232
  },
  "2. Property Search" : {
    "transaction" : "2. Property Search",
    "sampleCount" : 200,
    "errorCount" : 0,
    "errorPct" : 0.0,
    "meanResTime" : 96.75000000000003,
    "medianResTime" : 89.0,
    "minResTime" : 81.0,
    "maxResTime" : 603.0,
    "pct1ResTime" : 98.9,
    "pct2ResTime" : 114.74999999999994,
    "pct3ResTime" : 301.4500000000005,
    "throughput" : 3.352329869259135,
    "receivedKBytesPerSec" : 26.222814699966477,
    "sentKBytesPerSec" : 0.44195755112303053
  },
  "1. Login Traveler" : {
    "transaction" : "1. Login Traveler",
    "sampleCount" : 200,
    "errorCount" : 0,
    "errorPct" : 0.0,
    "meanResTime" : 209.85999999999999,
    "medianResTime" : 181.0,
    "minResTime" : 128.0,
    "maxResTime" : 1066.0,
    "pct1ResTime" : 191.0,
    "pct2ResTime" : 574.9999999999998,
    "pct3ResTime" : 879.8100000000002,
    "throughput" : 3.3418550637458853,
    "receivedKBytesPerSec" : 5.211857946095877,
    "sentKBytesPerSec" : 0.8452543569435393
  }
}