{
  "4. Login Owner" : {
    "transaction" : "4. Login Owner",
    "sampleCount" : 300,
    "errorCount" : 0,
    "errorPct" : 0.0,
    "meanResTime" : 250.22000000000006,
    "medianResTime" : 217.0,
    "minResTime" : 127.0,
    "maxResTime" : 977.0,
    "pct1ResTime" : 496.50000000000085,
    "pct2ResTime" : 701.6999999999999,
    "pct3ResTime" : 940.910000000001,
    "throughput" : 3.3545790003354576,
    "receivedKBytesPerSec" : 5.1629067427037905,
    "sentKBytesPerSec" : 0.8288168819188191
  },
  "Total" : {
    "transaction" : "Total",
    "sampleCount" : 1500,
    "errorCount" : 0,
    "errorPct" : 0.0,
    "meanResTime" : 216.01799999999983,
    "medianResTime" : 152.0,
    "minResTime" : 85.0,
    "maxResTime" : 1207.0,
    "pct1ResTime" : 373.0,
    "pct2ResTime" : 473.3500000000006,
    "pct3ResTime" : 845.98,
    "throughput" : 16.573303722364017,
    "receivedKBytesPerSec" : 44.91300569292983,
    "sentKBytesPerSec" : 5.648518553813517
  },
  "3. Create Booking" : {
    "transaction" : "3. Create Booking",
    "sampleCount" : 300,
    "errorCount" : 0,
    "errorPct" : 0.0,
    "meanResTime" : 373.66000000000014,
    "medianResTime" : 364.0,
    "minResTime" : 343.0,
    "maxResTime" : 1035.0,
    "pct1ResTime" : 382.0,
    "pct2ResTime" : 401.84999999999997,
    "pct3ResTime" : 817.3600000000015,
    "throughput" : 3.335705390499911,
    "receivedKBytesPerSec" : 4.391143424212773,
    "sentKBytesPerSec" : 1.980575075609322
  },
  "2. Property Search" : {
    "transaction" : "2. Property Search",
    "sampleCount" : 300,
    "errorCount" : 0,
    "errorPct" : 0.0,
    "meanResTime" : 98.16000000000003,
    "medianResTime" : 95.0,
    "minResTime" : 86.0,
    "maxResTime" : 358.0,
    "pct1ResTime" : 103.0,
    "pct2ResTime" : 109.94999999999999,
    "pct3ResTime" : 157.91000000000008,
    "throughput" : 3.344779913481693,
    "receivedKBytesPerSec" : 26.163756940418324,
    "sentKBytesPerSec" : 0.4409621956250279
  },
  "1. Login Traveler" : {
    "transaction" : "1. Login Traveler",
    "sampleCount" : 300,
    "errorCount" : 0,
    "errorPct" : 0.0,
    "meanResTime" : 261.65,
    "medianResTime" : 169.0,
    "minResTime" : 134.0,
    "maxResTime" : 1207.0,
    "pct1ResTime" : 551.9000000000001,
    "pct2ResTime" : 741.0999999999996,
    "pct3ResTime" : 1043.2900000000006,
    "throughput" : 3.3400505460982646,
    "receivedKBytesPerSec" : 5.209043673944265,
    "sentKBytesPerSec" : 0.8447979408588383
  },
  "5. Owner Accept Booking" : {
    "transaction" : "5. Owner Accept Booking",
    "sampleCount" : 300,
    "errorCount" : 0,
    "errorPct" : 0.0,
    "meanResTime" : 96.40000000000002,
    "medianResTime" : 92.5,
    "minResTime" : 85.0,
    "maxResTime" : 583.0,
    "pct1ResTime" : 100.0,
    "pct2ResTime" : 104.0,
    "pct3ResTime" : 131.91000000000008,
    "throughput" : 3.359123940476324,
    "receivedKBytesPerSec" : 4.408850171875175,
    "sentKBytesPerSec" : 1.6073932918294909
  }
}