{
  "Total" : {
    "transaction" : "Total",
    "sampleCount" : 15,
    "errorCount" : 0,
    "errorPct" : 0.0,
    "meanResTime" : 305.6666666666667,
    "medianResTime" : 175.0,
    "minResTime" : 89.0,
    "maxResTime" : 1395.0,
    "pct1ResTime" : 912.0000000000002,
    "pct2ResTime" : 1395.0,
    "pct3ResTime" : 1395.0,
    "throughput" : 5.168849069607168,
    "receivedKBytesPerSec" : 18.432533059097175,
    "sentKBytesPerSec" : 1.6859331926257752
  },
  "3. Create Booking" : {
    "transaction" : "3. Create Booking",
    "sampleCount" : 5,
    "errorCount" : 0,
    "errorPct" : 0.0,
    "meanResTime" : 612.4,
    "medianResTime" : 373.0,
    "minResTime" : 351.0,
    "maxResTime" : 1395.0,
    "pct1ResTime" : 1395.0,
    "pct2ResTime" : 1395.0,
    "pct3ResTime" : 1395.0,
    "throughput" : 2.061855670103093,
    "receivedKBytesPerSec" : 2.7142396907216497,
    "sentKBytesPerSec" : 1.2242268041237114
  },
  "2. Property Search" : {
    "transaction" : "2. Property Search",
    "sampleCount" : 5,
    "errorCount" : 0,
    "errorPct" : 0.0,
    "meanResTime" : 98.6,
    "medianResTime" : 95.0,
    "minResTime" : 89.0,
    "maxResTime" : 111.0,
    "pct1ResTime" : 111.0,
    "pct2ResTime" : 111.0,
    "pct3ResTime" : 111.0,
    "throughput" : 2.2789425706472195,
    "receivedKBytesPerSec" : 17.82649413172288,
    "sentKBytesPerSec" : 0.3004465303099362
  },
  "1. Login Traveler" : {
    "transaction" : "1. Login Traveler",
    "sampleCount" : 5,
    "errorCount" : 0,
    "errorPct" : 0.0,
    "meanResTime" : 206.0,
    "medianResTime" : 175.0,
    "minResTime" : 162.0,
    "maxResTime" : 352.0,
    "pct1ResTime" : 352.0,
    "pct2ResTime" : 352.0,
    "pct3ResTime" : 352.0,
    "throughput" : 2.0341741253051264,
    "receivedKBytesPerSec" : 3.1724375762815296,
    "sentKBytesPerSec" : 0.5145030258340113
  }
}