{
  "Total" : {
    "transaction" : "Total",
    "sampleCount" : 900,
    "errorCount" : 0,
    "errorPct" : 0.0,
    "meanResTime" : 223.8899999999999,
    "medianResTime" : 169.0,
    "minResTime" : 80.0,
    "maxResTime" : 1451.0,
    "pct1ResTime" : 365.79999999999995,
    "pct2ResTime" : 408.0,
    "pct3ResTime" : 885.8400000000001,
    "throughput" : 9.970862922792284,
    "receivedKBytesPerSec" : 35.55690212213199,
    "sentKBytesPerSec" : 3.2522150548951396
  },
  "3. Create Booking" : {
    "transaction" : "3. Create Booking",
    "sampleCount" : 300,
    "errorCount" : 0,
    "errorPct" : 0.0,
    "meanResTime" : 371.2100000000001,
    "medianResTime" : 350.0,
    "minResTime" : 325.0,
    "maxResTime" : 1063.0,
    "pct1ResTime" : 407.90000000000003,
    "pct2ResTime" : 493.0999999999998,
    "pct3ResTime" : 869.8700000000001,
    "throughput" : 3.3371525189939595,
    "receivedKBytesPerSec" : 4.393048433206892,
    "sentKBytesPerSec" : 1.9814343081526635
  },
  "2. Property Search" : {
    "transaction" : "2. Property Search",
    "sampleCount" : 300,
    "errorCount" : 0,
    "errorPct" : 0.0,
    "meanResTime" : 93.6966666666667,
    "medianResTime" : 89.0,
    "minResTime" : 80.0,
    "maxResTime" : 415.0,
    "pct1ResTime" : 105.0,
    "pct2ResTime" : 120.74999999999994,
    "pct3ResTime" : 198.83000000000015,
    "throughput" : 3.3452647777071554,
    "receivedKBytesPerSec" : 26.16754967718195,
    "sentKBytesPerSec" : 0.44102611815475196
  },
  "1. Login Traveler" : {
    "transaction" : "1. Login Traveler",
    "sampleCount" : 300,
    "errorCount" : 0,
    "errorPct" : 0.0,
    "meanResTime" : 206.7633333333333,
    "medianResTime" : 169.0,
    "minResTime" : 125.0,
    "maxResTime" : 1451.0,
    "pct1ResTime" : 200.60000000000014,
    "pct2ResTime" : 464.0999999999991,
    "pct3ResTime" : 1072.6600000000003,
    "throughput" : 3.3394928423536747,
    "receivedKBytesPerSec" : 5.208173895741033,
    "sentKBytesPerSec" : 0.8446568810250017
  }
}