{
  "Total" : {
    "transaction" : "Total",
    "sampleCount" : 9,
    "errorCount" : 3,
    "errorPct" : 33.333332,
    "meanResTime" : 139.55555555555554,
    "medianResTime" : 112.0,
    "minResTime" : 5.0,
    "maxResTime" : 330.0,
    "pct1ResTime" : 330.0,
    "pct2ResTime" : 330.0,
    "pct3ResTime" : 330.0,
    "throughput" : 5.535055350553505,
    "receivedKBytesPerSec" : 19.22674988468635,
    "sentKBytesPerSec" : 1.3945744926199264
  },
  "3. Create Booking" : {
    "transaction" : "3. Create Booking",
    "sampleCount" : 3,
    "errorCount" : 3,
    "errorPct" : 100.0,
    "meanResTime" : 114.0,
    "medianResTime" : 7.0,
    "minResTime" : 5.0,
    "maxResTime" : 330.0,
    "pct1ResTime" : 330.0,
    "pct2ResTime" : 330.0,
    "pct3ResTime" : 330.0,
    "throughput" : 2.347417840375587,
    "receivedKBytesPerSec" : 2.439113849765258,
    "sentKBytesPerSec" : 0.8711120892018779
  },
  "2. Property Search" : {
    "transaction" : "2. Property Search",
    "sampleCount" : 3,
    "errorCount" : 0,
    "errorPct" : 0.0,
    "meanResTime" : 97.0,
    "medianResTime" : 90.0,
    "minResTime" : 89.0,
    "maxResTime" : 112.0,
    "pct1ResTime" : 112.0,
    "pct2ResTime" : 112.0,
    "pct3ResTime" : 112.0,
    "throughput" : 2.167630057803468,
    "receivedKBytesPerSec" : 16.955778088872833,
    "sentKBytesPerSec" : 0.28577154082369943
  },
  "1. Login Traveler" : {
    "transaction" : "1. Login Traveler",
    "sampleCount" : 3,
    "errorCount" : 0,
    "errorPct" : 0.0,
    "meanResTime" : 207.66666666666666,
    "medianResTime" : 221.0,
    "minResTime" : 177.0,
    "maxResTime" : 225.0,
    "pct1ResTime" : 225.0,
    "pct2ResTime" : 225.0,
    "pct3ResTime" : 225.0,
    "throughput" : 1.965923984272608,
    "receivedKBytesPerSec" : 3.0659966825032763,
    "sentKBytesPerSec" : 0.49724053899082565
  }
}