{
  "4. Login Owner" : {
    "transaction" : "4. Login Owner",
    "sampleCount" : 100,
    "errorCount" : 0,
    "errorPct" : 0.0,
    "meanResTime" : 224.36000000000004,
    "medianResTime" : 186.5,
    "minResTime" : 127.0,
    "maxResTime" : 978.0,
    "pct1ResTime" : 291.20000000000005,
    "pct2ResTime" : 359.34999999999985,
    "pct3ResTime" : 975.3899999999987,
    "throughput" : 1.6865966166871869,
    "receivedKBytesPerSec" : 2.595777605370124,
    "sentKBytesPerSec" : 0.416707953146346
  },
  "Total" : {
    "transaction" : "Total",
    "sampleCount" : 500,
    "errorCount" : 0,
    "errorPct" : 0.0,
    "meanResTime" : 207.25799999999998,
    "medianResTime" : 161.0,
    "minResTime" : 80.0,
    "maxResTime" : 1281.0,
    "pct1ResTime" : 353.0,
    "pct2ResTime" : 383.74999999999994,
    "pct3ResTime" : 894.8900000000001,
    "throughput" : 8.276775368316503,
    "receivedKBytesPerSec" : 22.429737936599903,
    "sentKBytesPerSec" : 2.8208931675219335
  },
  "3. Create Booking" : {
    "transaction" : "3. Create Booking",
    "sampleCount" : 100,
    "errorCount" : 0,
    "errorPct" : 0.0,
    "meanResTime" : 367.0999999999999,
    "medianResTime" : 347.0,
    "minResTime" : 327.0,
    "maxResTime" : 895.0,
    "pct1ResTime" : 389.70000000000005,
    "pct2ResTime" : 443.54999999999967,
    "pct3ResTime" : 894.89,
    "throughput" : 1.6722128392501798,
    "receivedKBytesPerSec" : 2.201311432919182,
    "sentKBytesPerSec" : 0.9928763733047942
  },
  "2. Property Search" : {
    "transaction" : "2. Property Search",
    "sampleCount" : 100,
    "errorCount" : 0,
    "errorPct" : 0.0,
    "meanResTime" : 94.76999999999998,
    "medianResTime" : 90.0,
    "minResTime" : 83.0,
    "maxResTime" : 346.0,
    "pct1ResTime" : 104.40000000000003,
    "pct2ResTime" : 114.0,
    "pct3ResTime" : 343.999999999999,
    "throughput" : 1.6784719191647923,
    "receivedKBytesPerSec" : 13.129453195810534,
    "sentKBytesPerSec" : 0.2212829190305146
  },
  "1. Login Traveler" : {
    "transaction" : "1. Login Traveler",
    "sampleCount" : 100,
    "errorCount" : 0,
    "errorPct" : 0.0,
    "meanResTime" : 256.92,
    "medianResTime" : 227.5,
    "minResTime" : 138.0,
    "maxResTime" : 1281.0,
    "pct1ResTime" : 352.6,
    "pct2ResTime" : 815.1999999999957,
    "pct3ResTime" : 1278.4699999999987,
    "throughput" : 1.6745369905221206,
    "receivedKBytesPerSec" : 2.611558177601393,
    "sentKBytesPerSec" : 0.4235401177199504
  },
  "5. Owner Accept Booking" : {
    "transaction" : "5. Owner Accept Booking",
    "sampleCount" : 100,
    "errorCount" : 0,
    "errorPct" : 0.0,
    "meanResTime" : 93.14000000000003,
    "medianResTime" : 87.0,
    "minResTime" : 80.0,
    "maxResTime" : 379.0,
    "pct1ResTime" : 100.80000000000001,
    "pct2ResTime" : 111.89999999999998,
    "pct3ResTime" : 377.00999999999897,
    "throughput" : 1.68984571708603,
    "receivedKBytesPerSec" : 2.2179225036754144,
    "sentKBytesPerSec" : 0.8086175794649949
  }
}