{
  "4. Login Owner" : {
    "transaction" : "4. Login Owner",
    "sampleCount" : 500,
    "errorCount" : 0,
    "errorPct" : 0.0,
    "meanResTime" : 331.65200000000004,
    "medianResTime" : 237.0,
    "minResTime" : 128.0,
    "maxResTime" : 1414.0,
    "pct1ResTime" : 827.8000000000001,
    "pct2ResTime" : 925.8,
    "pct3ResTime" : 1133.6600000000003,
    "throughput" : 3.328894806924101,
    "receivedKBytesPerSec" : 5.123377163781625,
    "sentKBytesPerSec" : 0.822471080226365
  },
  "Total" : {
    "transaction" : "Total",
    "sampleCount" : 2500,
    "errorCount" : 0,
    "errorPct" : 0.0,
    "meanResTime" : 246.52200000000013,
    "medianResTime" : 175.0,
    "minResTime" : 83.0,
    "maxResTime" : 1557.0,
    "pct1ResTime" : 394.0,
    "pct2ResTime" : 798.9499999999998,
    "pct3ResTime" : 1069.0,
    "throughput" : 16.51920522799807,
    "receivedKBytesPerSec" : 44.766400886420556,
    "sentKBytesPerSec" : 5.630080688057936
  },
  "3. Create Booking" : {
    "transaction" : "3. Create Booking",
    "sampleCount" : 500,
    "errorCount" : 0,
    "errorPct" : 0.0,
    "meanResTime" : 375.5219999999997,
    "medianResTime" : 365.0,
    "minResTime" : 341.0,
    "maxResTime" : 986.0,
    "pct1ResTime" : 389.0,
    "pct2ResTime" : 410.95,
    "pct3ResTime" : 748.5600000000004,
    "throughput" : 3.3169036041474564,
    "receivedKBytesPerSec" : 4.366392635147237,
    "sentKBytesPerSec" : 1.9694115149625522
  },
  "2. Property Search" : {
    "transaction" : "2. Property Search",
    "sampleCount" : 500,
    "errorCount" : 0,
    "errorPct" : 0.0,
    "meanResTime" : 96.95399999999995,
    "medianResTime" : 94.0,
    "minResTime" : 84.0,
    "maxResTime" : 386.0,
    "pct1ResTime" : 104.0,
    "pct2ResTime" : 109.0,
    "pct3ResTime" : 147.9000000000001,
    "throughput" : 3.32212669262355,
    "receivedKBytesPerSec" : 25.986557429604137,
    "sentKBytesPerSec" : 0.43797568701580003
  },
  "1. Login Traveler" : {
    "transaction" : "1. Login Traveler",
    "sampleCount" : 500,
    "errorCount" : 0,
    "errorPct" : 0.0,
    "meanResTime" : 332.662,
    "medianResTime" : 185.0,
    "minResTime" : 131.0,
    "maxResTime" : 1557.0,
    "pct1ResTime" : 874.0,
    "pct2ResTime" : 1060.6499999999996,
    "pct3ResTime" : 1169.0800000000008,
    "throughput" : 3.319391887406227,
    "receivedKBytesPerSec" : 5.176825043152094,
    "sentKBytesPerSec" : 0.8395727527716923
  },
  "5. Owner Accept Booking" : {
    "transaction" : "5. Owner Accept Booking",
    "sampleCount" : 500,
    "errorCount" : 0,
    "errorPct" : 0.0,
    "meanResTime" : 95.81999999999996,
    "medianResTime" : 94.0,
    "minResTime" : 83.0,
    "maxResTime" : 345.0,
    "pct1ResTime" : 102.90000000000003,
    "pct2ResTime" : 105.0,
    "pct3ResTime" : 123.98000000000002,
    "throughput" : 3.351318743925735,
    "receivedKBytesPerSec" : 4.398605851402527,
    "sentKBytesPerSec" : 1.603658383323838
  }
}