{
  "4. Login Owner" : {
    "transaction" : "4. Login Owner",
    "sampleCount" : 200,
    "errorCount" : 0,
    "errorPct" : 0.0,
    "meanResTime" : 480.46500000000003,
    "medianResTime" : 220.0,
    "minResTime" : 123.0,
    "maxResTime" : 2407.0,
    "pct1ResTime" : 1547.5,
    "pct2ResTime" : 1642.9,
    "pct3ResTime" : 1954.0300000000009,
    "throughput" : 3.250024375182814,
    "receivedKBytesPerSec" : 5.0019906399298,
    "sentKBytesPerSec" : 0.8029845380090351
  },
  "Total" : {
    "transaction" : "Total",
    "sampleCount" : 1200,
    "errorCount" : 400,
    "errorPct" : 33.333332,
    "meanResTime" : 249.43749999999952,
    "medianResTime" : 134.0,
    "minResTime" : 0.0,
    "maxResTime" : 3272.0,
    "pct1ResTime" : 527.5000000000005,
    "pct2ResTime" : 1254.5000000000005,
    "pct3ResTime" : 1857.7500000000002,
    "throughput" : 19.20215064087178,
    "receivedKBytesPerSec" : 45.80200482454035,
    "sentKBytesPerSec" : 6.631992783191717
  },
  "3. Create Booking" : {
    "transaction" : "3. Create Booking",
    "sampleCount" : 200,
    "errorCount" : 0,
    "errorPct" : 0.0,
    "meanResTime" : 379.7749999999997,
    "medianResTime" : 343.0,
    "minResTime" : 319.0,
    "maxResTime" : 1189.0,
    "pct1ResTime" : 431.6,
    "pct2ResTime" : 506.9,
    "pct3ResTime" : 1082.97,
    "throughput" : 3.23577472536362,
    "receivedKBytesPerSec" : 4.259594072060703,
    "sentKBytesPerSec" : 1.9212412431846495
  },
  "6. Owner Accept Booking" : {
    "transaction" : "6. Owner Accept Booking",
    "sampleCount" : 200,
    "errorCount" : 200,
    "errorPct" : 100.0,
    "meanResTime" : 2.175000000000001,
    "medianResTime" : 1.5,
    "minResTime" : 0.0,
    "maxResTime" : 25.0,
    "pct1ResTime" : 3.0,
    "pct2ResTime" : 7.0,
    "pct3ResTime" : 17.950000000000045,
    "throughput" : 3.2615254154368,
    "receivedKBytesPerSec" : 3.3730033349097375,
    "sentKBytesPerSec" : 1.4810637872833126
  },
  "2. Property Search" : {
    "transaction" : "2. Property Search",
    "sampleCount" : 200,
    "errorCount" : 0,
    "errorPct" : 0.0,
    "meanResTime" : 103.91500000000002,
    "medianResTime" : 90.0,
    "minResTime" : 79.0,
    "maxResTime" : 707.0,
    "pct1ResTime" : 123.80000000000001,
    "pct2ResTime" : 148.64999999999992,
    "pct3ResTime" : 525.9900000000018,
    "throughput" : 3.247491312960738,
    "receivedKBytesPerSec" : 25.402739664858895,
    "sentKBytesPerSec" : 0.4281360617672848
  },
  "1. Login Traveler" : {
    "transaction" : "1. Login Traveler",
    "sampleCount" : 200,
    "errorCount" : 0,
    "errorPct" : 0.0,
    "meanResTime" : 526.88,
    "medianResTime" : 226.0,
    "minResTime" : 130.0,
    "maxResTime" : 3272.0,
    "pct1ResTime" : 1624.8,
    "pct2ResTime" : 1832.6,
    "pct3ResTime" : 2820.0600000000027,
    "throughput" : 3.241963981780162,
    "receivedKBytesPerSec" : 5.056070780178632,
    "sentKBytesPerSec" : 0.8199889367979122
  },
  "5. Get Owner Bookings" : {
    "transaction" : "5. Get Owner Bookings",
    "sampleCount" : 200,
    "errorCount" : 200,
    "errorPct" : 100.0,
    "meanResTime" : 3.415000000000002,
    "medianResTime" : 2.0,
    "minResTime" : 1.0,
    "maxResTime" : 48.0,
    "pct1ResTime" : 5.0,
    "pct2ResTime" : 8.949999999999989,
    "pct3ResTime" : 31.930000000000064,
    "throughput" : 3.261472228563974,
    "receivedKBytesPerSec" : 3.392058518965461,
    "sentKBytesPerSec" : 1.280382652229216
  }
}