{
  "4. Login Owner" : {
    "transaction" : "4. Login Owner",
    "sampleCount" : 400,
    "errorCount" : 0,
    "errorPct" : 0.0,
    "meanResTime" : 986.0949999999999,
    "medianResTime" : 290.0,
    "minResTime" : 125.0,
    "maxResTime" : 3113.0,
    "pct1ResTime" : 2130.2000000000003,
    "pct2ResTime" : 2289.3999999999996,
    "pct3ResTime" : 2632.8900000000003,
    "throughput" : 3.2815396984265015,
    "receivedKBytesPerSec" : 5.050494692109537,
    "sentKBytesPerSec" : 0.8107710387713915
  },
  "Total" : {
    "transaction" : "Total",
    "sampleCount" : 2000,
    "errorCount" : 0,
    "errorPct" : 0.0,
    "meanResTime" : 516.0770000000003,
    "medianResTime" : 169.0,
    "minResTime" : 84.0,
    "maxResTime" : 3113.0,
    "pct1ResTime" : 1922.0,
    "pct2ResTime" : 2108.8999999999996,
    "pct3ResTime" : 2521.5700000000006,
    "throughput" : 16.265319898179097,
    "receivedKBytesPerSec" : 44.07838156000683,
    "sentKBytesPerSec" : 5.543551410609869
  },
  "3. Create Booking" : {
    "transaction" : "3. Create Booking",
    "sampleCount" : 400,
    "errorCount" : 0,
    "errorPct" : 0.0,
    "meanResTime" : 387.62999999999994,
    "medianResTime" : 369.0,
    "minResTime" : 343.0,
    "maxResTime" : 1208.0,
    "pct1ResTime" : 398.0,
    "pct2ResTime" : 425.95,
    "pct3ResTime" : 983.6600000000003,
    "throughput" : 3.2839644018258842,
    "receivedKBytesPerSec" : 4.323031263341106,
    "sentKBytesPerSec" : 1.9498538635841187
  },
  "2. Property Search" : {
    "transaction" : "2. Property Search",
    "sampleCount" : 400,
    "errorCount" : 0,
    "errorPct" : 0.0,
    "meanResTime" : 102.74750000000003,
    "medianResTime" : 98.0,
    "minResTime" : 87.0,
    "maxResTime" : 653.0,
    "pct1ResTime" : 108.0,
    "pct2ResTime" : 116.89999999999998,
    "pct3ResTime" : 268.2400000000007,
    "throughput" : 3.290258367538311,
    "receivedKBytesPerSec" : 25.737274925763547,
    "sentKBytesPerSec" : 0.4337742965016328
  },
  "1. Login Traveler" : {
    "transaction" : "1. Login Traveler",
    "sampleCount" : 400,
    "errorCount" : 0,
    "errorPct" : 0.0,
    "meanResTime" : 1007.5749999999996,
    "medianResTime" : 304.0,
    "minResTime" : 134.0,
    "maxResTime" : 3022.0,
    "pct1ResTime" : 2221.0,
    "pct2ResTime" : 2419.85,
    "pct3ResTime" : 2817.080000000001,
    "throughput" : 3.2877703163656986,
    "receivedKBytesPerSec" : 5.127508979722677,
    "sentKBytesPerSec" : 0.8315747186901523
  },
  "5. Owner Accept Booking" : {
    "transaction" : "5. Owner Accept Booking",
    "sampleCount" : 400,
    "errorCount" : 0,
    "errorPct" : 0.0,
    "meanResTime" : 96.33750000000003,
    "medianResTime" : 94.0,
    "minResTime" : 84.0,
    "maxResTime" : 261.0,
    "pct1ResTime" : 103.0,
    "pct2ResTime" : 106.94999999999999,
    "pct3ResTime" : 146.97000000000003,
    "throughput" : 3.2847194849559846,
    "receivedKBytesPerSec" : 4.31119432400473,
    "sentKBytesPerSec" : 1.5717895972933913
  }
}