{
  "Total" : {
    "transaction" : "Total",
    "sampleCount" : 3,
    "errorCount" : 1,
    "errorPct" : 33.333332,
    "meanResTime" : 183.66666666666666,
    "medianResTime" : 176.0,
    "minResTime" : 95.0,
    "maxResTime" : 280.0,
    "pct1ResTime" : 280.0,
    "pct2ResTime" : 280.0,
    "pct3ResTime" : 280.0,
    "throughput" : 5.357142857142857,
    "receivedKBytesPerSec" : 18.608747209821427,
    "sentKBytesPerSec" : 1.3497488839285714
  },
  "3. Create Booking" : {
    "transaction" : "3. Create Booking",
    "sampleCount" : 1,
    "errorCount" : 1,
    "errorPct" : 100.0,
    "meanResTime" : 280.0,
    "medianResTime" : 280.0,
    "minResTime" : 280.0,
    "maxResTime" : 280.0,
    "pct1ResTime" : 280.0,
    "pct2ResTime" : 280.0,
    "pct3ResTime" : 280.0,
    "throughput" : 3.571428571428571,
    "receivedKBytesPerSec" : 3.7109374999999996,
    "sentKBytesPerSec" : 1.3253348214285714
  },
  "2. Property Search" : {
    "transaction" : "2. Property Search",
    "sampleCount" : 1,
    "errorCount" : 0,
    "errorPct" : 0.0,
    "meanResTime" : 95.0,
    "medianResTime" : 95.0,
    "minResTime" : 95.0,
    "maxResTime" : 95.0,
    "pct1ResTime" : 95.0,
    "pct2ResTime" : 95.0,
    "pct3ResTime" : 95.0,
    "throughput" : 10.526315789473683,
    "receivedKBytesPerSec" : 82.33963815789474,
    "sentKBytesPerSec" : 1.3877467105263157
  },
  "1. Login Traveler" : {
    "transaction" : "1. Login Traveler",
    "sampleCount" : 1,
    "errorCount" : 0,
    "errorPct" : 0.0,
    "meanResTime" : 176.0,
    "medianResTime" : 176.0,
    "minResTime" : 176.0,
    "maxResTime" : 176.0,
    "pct1ResTime" : 176.0,
    "pct2ResTime" : 176.0,
    "pct3ResTime" : 176.0,
    "throughput" : 5.681818181818182,
    "receivedKBytesPerSec" : 8.861194957386363,
    "sentKBytesPerSec" : 1.437100497159091
  }
}