{
  "Total" : {
    "transaction" : "Total",
    "sampleCount" : 3,
    "errorCount" : 0,
    "errorPct" : 0.0,
    "meanResTime" : 339.0,
    "medianResTime" : 218.0,
    "minResTime" : 109.0,
    "maxResTime" : 690.0,
    "pct1ResTime" : 690.0,
    "pct2ResTime" : 690.0,
    "pct3ResTime" : 690.0,
    "throughput" : 2.9182879377431905,
    "receivedKBytesPerSec" : 10.406850376945526,
    "sentKBytesPerSec" : 0.9518634484435797
  },
  "3. Create Booking" : {
    "transaction" : "3. Create Booking",
    "sampleCount" : 1,
    "errorCount" : 0,
    "errorPct" : 0.0,
    "meanResTime" : 690.0,
    "medianResTime" : 690.0,
    "minResTime" : 690.0,
    "maxResTime" : 690.0,
    "pct1ResTime" : 690.0,
    "pct2ResTime" : 690.0,
    "pct3ResTime" : 690.0,
    "throughput" : 1.4492753623188406,
    "receivedKBytesPerSec" : 1.9078351449275364,
    "sentKBytesPerSec" : 0.8605072463768116
  },
  "2. Property Search" : {
    "transaction" : "2. Property Search",
    "sampleCount" : 1,
    "errorCount" : 0,
    "errorPct" : 0.0,
    "meanResTime" : 109.0,
    "medianResTime" : 109.0,
    "minResTime" : 109.0,
    "maxResTime" : 109.0,
    "pct1ResTime" : 109.0,
    "pct2ResTime" : 109.0,
    "pct3ResTime" : 109.0,
    "throughput" : 9.174311926605505,
    "receivedKBytesPerSec" : 71.76390481651376,
    "sentKBytesPerSec" : 1.2095040137614679
  },
  "1. Login Traveler" : {
    "transaction" : "1. Login Traveler",
    "sampleCount" : 1,
    "errorCount" : 0,
    "errorPct" : 0.0,
    "meanResTime" : 218.0,
    "medianResTime" : 218.0,
    "minResTime" : 218.0,
    "maxResTime" : 218.0,
    "pct1ResTime" : 218.0,
    "pct2ResTime" : 218.0,
    "pct3ResTime" : 218.0,
    "throughput" : 4.587155963302752,
    "receivedKBytesPerSec" : 7.153992259174312,
    "sentKBytesPerSec" : 1.1602279243119267
  }
}