{
  "Total" : {
    "transaction" : "Total",
    "sampleCount" : 1200,
    "errorCount" : 0,
    "errorPct" : 0.0,
    "meanResTime" : 215.61249999999995,
    "medianResTime" : 149.0,
    "minResTime" : 78.0,
    "maxResTime" : 1523.0,
    "pct1ResTime" : 351.0,
    "pct2ResTime" : 382.95000000000005,
    "pct3ResTime" : 937.8200000000002,
    "throughput" : 9.978878041478868,
    "receivedKBytesPerSec" : 35.585484682422205,
    "sentKBytesPerSec" : 3.2548293611854904
  },
  "3. Create Booking" : {
    "transaction" : "3. Create Booking",
    "sampleCount" : 400,
    "errorCount" : 0,
    "errorPct" : 0.0,
    "meanResTime" : 364.135,
    "medianResTime" : 340.0,
    "minResTime" : 317.0,
    "maxResTime" : 1318.0,
    "pct1ResTime" : 381.90000000000003,
    "pct2ResTime" : 458.0,
    "pct3ResTime" : 1177.950000000001,
    "throughput" : 3.334750602339328,
    "receivedKBytesPerSec" : 4.389886535110755,
    "sentKBytesPerSec" : 1.9800081701389758
  },
  "2. Property Search" : {
    "transaction" : "2. Property Search",
    "sampleCount" : 400,
    "errorCount" : 0,
    "errorPct" : 0.0,
    "meanResTime" : 94.76500000000003,
    "medianResTime" : 88.0,
    "minResTime" : 78.0,
    "maxResTime" : 693.0,
    "pct1ResTime" : 101.90000000000003,
    "pct2ResTime" : 123.94999999999999,
    "pct3ResTime" : 205.91000000000008,
    "throughput" : 3.3412688468445895,
    "receivedKBytesPerSec" : 26.13629244455582,
    "sentKBytesPerSec" : 0.44049931086330035
  },
  "1. Login Traveler" : {
    "transaction" : "1. Login Traveler",
    "sampleCount" : 400,
    "errorCount" : 0,
    "errorPct" : 0.0,
    "meanResTime" : 187.9375,
    "medianResTime" : 149.0,
    "minResTime" : 129.0,
    "maxResTime" : 1523.0,
    "pct1ResTime" : 212.0,
    "pct2ResTime" : 391.49999999999966,
    "pct3ResTime" : 1221.1200000000008,
    "throughput" : 3.3379786870060837,
    "receivedKBytesPerSec" : 5.205812464012418,
    "sentKBytesPerSec" : 0.844273906186109
  }
}