{
  "4. Login Owner" : {
    "transaction" : "4. Login Owner",
    "sampleCount" : 200,
    "errorCount" : 0,
    "errorPct" : 0.0,
    "meanResTime" : 1396.4199999999998,
    "medianResTime" : 1344.5,
    "minResTime" : 195.0,
    "maxResTime" : 2450.0,
    "pct1ResTime" : 2121.9,
    "pct2ResTime" : 2227.9,
    "pct3ResTime" : 2347.0,
    "throughput" : 3.3043650662525197,
    "receivedKBytesPerSec" : 5.085624359779268,
    "sentKBytesPerSec" : 0.8164105095330931
  },
  "Total" : {
    "transaction" : "Total",
    "sampleCount" : 1000,
    "errorCount" : 0,
    "errorPct" : 0.0,
    "meanResTime" : 690.5039999999997,
    "medianResTime" : 369.0,
    "minResTime" : 86.0,
    "maxResTime" : 2575.0,
    "pct1ResTime" : 1902.4999999999995,
    "pct2ResTime" : 2094.85,
    "pct3ResTime" : 2346.8,
    "throughput" : 15.810276679841897,
    "receivedKBytesPerSec" : 42.845232213438734,
    "sentKBytesPerSec" : 5.388463438735178
  },
  "3. Create Booking" : {
    "transaction" : "3. Create Booking",
    "sampleCount" : 200,
    "errorCount" : 0,
    "errorPct" : 0.0,
    "meanResTime" : 408.29499999999996,
    "medianResTime" : 369.0,
    "minResTime" : 347.0,
    "maxResTime" : 1374.0,
    "pct1ResTime" : 410.5,
    "pct2ResTime" : 699.5499999999988,
    "pct3ResTime" : 1292.7700000000002,
    "throughput" : 3.2771305444952397,
    "receivedKBytesPerSec" : 4.314035130839437,
    "sentKBytesPerSec" : 1.9457962607940487
  },
  "2. Property Search" : {
    "transaction" : "2. Property Search",
    "sampleCount" : 200,
    "errorCount" : 0,
    "errorPct" : 0.0,
    "meanResTime" : 111.26499999999996,
    "medianResTime" : 98.0,
    "minResTime" : 88.0,
    "maxResTime" : 793.0,
    "pct1ResTime" : 106.0,
    "pct2ResTime" : 120.5499999999999,
    "pct3ResTime" : 702.7300000000012,
    "throughput" : 3.2653061224489797,
    "receivedKBytesPerSec" : 25.542091836734695,
    "sentKBytesPerSec" : 0.430484693877551
  },
  "1. Login Traveler" : {
    "transaction" : "1. Login Traveler",
    "sampleCount" : 200,
    "errorCount" : 0,
    "errorPct" : 0.0,
    "meanResTime" : 1439.765,
    "medianResTime" : 1373.0,
    "minResTime" : 144.0,
    "maxResTime" : 2575.0,
    "pct1ResTime" : 2179.0,
    "pct2ResTime" : 2277.0,
    "pct3ResTime" : 2573.980000000001,
    "throughput" : 3.2288790946223016,
    "receivedKBytesPerSec" : 5.03566397862482,
    "sentKBytesPerSec" : 0.8166793803781017
  },
  "5. Owner Accept Booking" : {
    "transaction" : "5. Owner Accept Booking",
    "sampleCount" : 200,
    "errorCount" : 0,
    "errorPct" : 0.0,
    "meanResTime" : 96.77500000000002,
    "medianResTime" : 94.0,
    "minResTime" : 86.0,
    "maxResTime" : 156.0,
    "pct1ResTime" : 104.0,
    "pct2ResTime" : 107.84999999999997,
    "pct3ResTime" : 153.9000000000001,
    "throughput" : 3.3099978485013986,
    "receivedKBytesPerSec" : 4.344372176158085,
    "sentKBytesPerSec" : 1.583885689224302
  }
}