{
  "Property Search" : {
    "transaction" : "Property Search",
    "sampleCount" : 100,
    "errorCount" : 0,
    "errorPct" : 0.0,
    "meanResTime" : 129.88000000000005,
    "medianResTime" : 107.0,
    "minResTime" : 89.0,
    "maxResTime" : 700.0,
    "pct1ResTime" : 187.10000000000016,
    "pct2ResTime" : 272.8499999999993,
    "pct3ResTime" : 698.099999999999,
    "throughput" : 3.3582966719279983,
    "receivedKBytesPerSec" : 26.269488615374282,
    "sentKBytesPerSec" : 0.44274419014675753
  },
  "Total" : {
    "transaction" : "Total",
    "sampleCount" : 100,
    "errorCount" : 0,
    "errorPct" : 0.0,
    "meanResTime" : 129.88000000000005,
    "medianResTime" : 107.0,
    "minResTime" : 89.0,
    "maxResTime" : 700.0,
    "pct1ResTime" : 187.10000000000016,
    "pct2ResTime" : 272.8499999999993,
    "pct3ResTime" : 698.099999999999,
    "throughput" : 3.3582966719279983,
    "receivedKBytesPerSec" : 26.269488615374282,
    "sentKBytesPerSec" : 0.44274419014675753
  }
}