{
  "4. Login Owner" : {
    "transaction" : "4. Login Owner",
    "sampleCount" : 3,
    "errorCount" : 0,
    "errorPct" : 0.0,
    "meanResTime" : 141.33333333333334,
    "medianResTime" : 140.0,
    "minResTime" : 137.0,
    "maxResTime" : 147.0,
    "pct1ResTime" : 147.0,
    "pct2ResTime" : 147.0,
    "pct3ResTime" : 147.0,
    "throughput" : 3.1645569620253164,
    "receivedKBytesPerSec" : 4.870450949367089,
    "sentKBytesPerSec" : 0.7818680775316456
  },
  "Total" : {
    "transaction" : "Total",
    "sampleCount" : 15,
    "errorCount" : 3,
    "errorPct" : 20.0,
    "meanResTime" : 183.66666666666669,
    "medianResTime" : 140.0,
    "minResTime" : 2.0,
    "maxResTime" : 721.0,
    "pct1ResTime" : 499.0000000000001,
    "pct2ResTime" : 721.0,
    "pct3ResTime" : 721.0,
    "throughput" : 7.313505607020965,
    "receivedKBytesPerSec" : 19.412215078010725,
    "sentKBytesPerSec" : 2.4568807898586056
  },
  "3. Create Booking" : {
    "transaction" : "3. Create Booking",
    "sampleCount" : 3,
    "errorCount" : 0,
    "errorPct" : 0.0,
    "meanResTime" : 473.0,
    "medianResTime" : 351.0,
    "minResTime" : 347.0,
    "maxResTime" : 721.0,
    "pct1ResTime" : 721.0,
    "pct2ResTime" : 721.0,
    "pct3ResTime" : 721.0,
    "throughput" : 1.962066710268149,
    "receivedKBytesPerSec" : 2.582876880313931,
    "sentKBytesPerSec" : 1.1649771092217136
  },
  "2. Property Search" : {
    "transaction" : "2. Property Search",
    "sampleCount" : 3,
    "errorCount" : 0,
    "errorPct" : 0.0,
    "meanResTime" : 105.0,
    "medianResTime" : 103.0,
    "minResTime" : 95.0,
    "maxResTime" : 117.0,
    "pct1ResTime" : 117.0,
    "pct2ResTime" : 117.0,
    "pct3ResTime" : 117.0,
    "throughput" : 2.284843869002285,
    "receivedKBytesPerSec" : 17.872655654988577,
    "sentKBytesPerSec" : 0.30122453351104345
  },
  "1. Login Traveler" : {
    "transaction" : "1. Login Traveler",
    "sampleCount" : 3,
    "errorCount" : 0,
    "errorPct" : 0.0,
    "meanResTime" : 196.66666666666666,
    "medianResTime" : 199.0,
    "minResTime" : 155.0,
    "maxResTime" : 236.0,
    "pct1ResTime" : 236.0,
    "pct2ResTime" : 236.0,
    "pct3ResTime" : 236.0,
    "throughput" : 2.05761316872428,
    "receivedKBytesPerSec" : 3.2089924125514404,
    "sentKBytesPerSec" : 0.5204314557613169
  },
  "5. Owner Accept Booking" : {
    "transaction" : "5. Owner Accept Booking",
    "sampleCount" : 3,
    "errorCount" : 3,
    "errorPct" : 100.0,
    "meanResTime" : 2.3333333333333335,
    "medianResTime" : 2.0,
    "minResTime" : 2.0,
    "maxResTime" : 3.0,
    "pct1ResTime" : 3.0,
    "pct2ResTime" : 3.0,
    "pct3ResTime" : 3.0,
    "throughput" : 3.6855036855036856,
    "receivedKBytesPerSec" : 3.8114730497543,
    "sentKBytesPerSec" : 1.6735929821867324
  }
}