{
  "Total" : {
    "transaction" : "Total",
    "sampleCount" : 20,
    "errorCount" : 10,
    "errorPct" : 50.0,
    "meanResTime" : 87.9,
    "medianResTime" : 93.0,
    "minResTime" : 7.0,
    "maxResTime" : 202.0,
    "pct1ResTime" : 195.70000000000002,
    "pct2ResTime" : 201.75,
    "pct3ResTime" : 202.0,
    "throughput" : 7.434944237918216,
    "receivedKBytesPerSec" : 21.542460501858738,
    "sentKBytesPerSec" : 1.9948739544609666
  },
  "3. Create Booking" : {
    "transaction" : "3. Create Booking",
    "sampleCount" : 5,
    "errorCount" : 5,
    "errorPct" : 100.0,
    "meanResTime" : 35.8,
    "medianResTime" : 10.0,
    "minResTime" : 7.0,
    "maxResTime" : 144.0,
    "pct1ResTime" : 144.0,
    "pct2ResTime" : 144.0,
    "pct3ResTime" : 144.0,
    "throughput" : 2.1987686895338614,
    "receivedKBytesPerSec" : 2.2846580914687773,
    "sentKBytesPerSec" : 0.8159493183817063
  },
  "2. Login Traveler" : {
    "transaction" : "2. Login Traveler",
    "sampleCount" : 5,
    "errorCount" : 0,
    "errorPct" : 0.0,
    "meanResTime" : 172.8,
    "medianResTime" : 184.0,
    "minResTime" : 138.0,
    "maxResTime" : 202.0,
    "pct1ResTime" : 202.0,
    "pct2ResTime" : 202.0,
    "pct3ResTime" : 202.0,
    "throughput" : 2.077274615704196,
    "receivedKBytesPerSec" : 3.2396558215621103,
    "sentKBytesPerSec" : 0.5254044194017449
  },
  "2. Property Search" : {
    "transaction" : "2. Property Search",
    "sampleCount" : 5,
    "errorCount" : 0,
    "errorPct" : 0.0,
    "meanResTime" : 96.4,
    "medianResTime" : 94.0,
    "minResTime" : 85.0,
    "maxResTime" : 115.0,
    "pct1ResTime" : 115.0,
    "pct2ResTime" : 115.0,
    "pct3ResTime" : 115.0,
    "throughput" : 2.1159542953872195,
    "receivedKBytesPerSec" : 16.551556548878544,
    "sentKBytesPerSec" : 0.278958818239526
  },
  "1. Register Traveler" : {
    "transaction" : "1. Register Traveler",
    "sampleCount" : 5,
    "errorCount" : 5,
    "errorPct" : 100.0,
    "meanResTime" : 46.6,
    "medianResTime" : 16.0,
    "minResTime" : 7.0,
    "maxResTime" : 171.0,
    "pct1ResTime" : 171.0,
    "pct2ResTime" : 171.0,
    "pct3ResTime" : 171.0,
    "throughput" : 2.0964360587002098,
    "receivedKBytesPerSec" : 2.450619103773585,
    "sentKBytesPerSec" : 0.6653727725366877
  }
}