{
  "4. Login Owner" : {
    "transaction" : "4. Login Owner",
    "sampleCount" : 100,
    "errorCount" : 0,
    "errorPct" : 0.0,
    "meanResTime" : 293.4399999999999,
    "medianResTime" : 211.0,
    "minResTime" : 123.0,
    "maxResTime" : 1078.0,
    "pct1ResTime" : 655.2,
    "pct2ResTime" : 760.3999999999992,
    "pct3ResTime" : 1076.479999999999,
    "throughput" : 3.3808912029210902,
    "receivedKBytesPerSec" : 5.203402866995741,
    "sentKBytesPerSec" : 0.8353178460342147
  },
  "Total" : {
    "transaction" : "Total",
    "sampleCount" : 600,
    "errorCount" : 200,
    "errorPct" : 33.333332,
    "meanResTime" : 180.7799999999999,
    "medianResTime" : 127.0,
    "minResTime" : 0.0,
    "maxResTime" : 1308.0,
    "pct1ResTime" : 365.39999999999986,
    "pct2ResTime" : 627.7499999999997,
    "pct3ResTime" : 861.8400000000001,
    "throughput" : 19.664394336654432,
    "receivedKBytesPerSec" : 46.90457340554536,
    "sentKBytesPerSec" : 6.791641403382275
  },
  "3. Create Booking" : {
    "transaction" : "3. Create Booking",
    "sampleCount" : 100,
    "errorCount" : 0,
    "errorPct" : 0.0,
    "meanResTime" : 365.12000000000006,
    "medianResTime" : 341.5,
    "minResTime" : 319.0,
    "maxResTime" : 809.0,
    "pct1ResTime" : 420.20000000000005,
    "pct2ResTime" : 528.0999999999991,
    "pct3ResTime" : 807.8499999999995,
    "throughput" : 3.3324446814182886,
    "receivedKBytesPerSec" : 4.3868510063982935,
    "sentKBytesPerSec" : 1.9786390295921088
  },
  "6. Owner Accept Booking" : {
    "transaction" : "6. Owner Accept Booking",
    "sampleCount" : 100,
    "errorCount" : 100,
    "errorPct" : 100.0,
    "meanResTime" : 3.880000000000005,
    "medianResTime" : 1.0,
    "minResTime" : 0.0,
    "maxResTime" : 218.0,
    "pct1ResTime" : 3.0,
    "pct2ResTime" : 4.0,
    "pct3ResTime" : 215.90999999999894,
    "throughput" : 3.4120376688958647,
    "receivedKBytesPerSec" : 3.5286600501569536,
    "sentKBytesPerSec" : 1.5494116367544697
  },
  "2. Property Search" : {
    "transaction" : "2. Property Search",
    "sampleCount" : 100,
    "errorCount" : 0,
    "errorPct" : 0.0,
    "meanResTime" : 99.40999999999994,
    "medianResTime" : 89.0,
    "minResTime" : 83.0,
    "maxResTime" : 673.0,
    "pct1ResTime" : 100.0,
    "pct2ResTime" : 103.94999999999999,
    "pct3ResTime" : 670.3699999999986,
    "throughput" : 3.3572819445377022,
    "receivedKBytesPerSec" : 26.261551148190424,
    "sentKBytesPerSec" : 0.442610412609951
  },
  "1. Login Traveler" : {
    "transaction" : "1. Login Traveler",
    "sampleCount" : 100,
    "errorCount" : 0,
    "errorPct" : 0.0,
    "meanResTime" : 316.72,
    "medianResTime" : 218.5,
    "minResTime" : 129.0,
    "maxResTime" : 1308.0,
    "pct1ResTime" : 720.5,
    "pct2ResTime" : 815.9,
    "pct3ResTime" : 1305.6599999999987,
    "throughput" : 3.3451528734863185,
    "receivedKBytesPerSec" : 5.217001112263331,
    "sentKBytesPerSec" : 0.8460884709306216
  },
  "5. Get Owner Bookings" : {
    "transaction" : "5. Get Owner Bookings",
    "sampleCount" : 100,
    "errorCount" : 100,
    "errorPct" : 100.0,
    "meanResTime" : 6.1099999999999985,
    "medianResTime" : 2.0,
    "minResTime" : 1.0,
    "maxResTime" : 99.0,
    "pct1ResTime" : 4.0,
    "pct2ResTime" : 39.79999999999973,
    "pct3ResTime" : 98.8099999999999,
    "throughput" : 3.4118048447628797,
    "receivedKBytesPerSec" : 3.5484103121801436,
    "sentKBytesPerSec" : 1.3393999488229273
  }
}