{
  "Total" : {
    "transaction" : "Total",
    "sampleCount" : 9,
    "errorCount" : 3,
    "errorPct" : 33.333332,
    "meanResTime" : 124.55555555555559,
    "medianResTime" : 118.0,
    "minResTime" : 7.0,
    "maxResTime" : 310.0,
    "pct1ResTime" : 310.0,
    "pct2ResTime" : 310.0,
    "pct3ResTime" : 310.0,
    "throughput" : 5.832793259883344,
    "receivedKBytesPerSec" : 20.260982056059625,
    "sentKBytesPerSec" : 1.4695904893065457
  },
  "3. Create Booking" : {
    "transaction" : "3. Create Booking",
    "sampleCount" : 3,
    "errorCount" : 3,
    "errorPct" : 100.0,
    "meanResTime" : 108.33333333333334,
    "medianResTime" : 8.0,
    "minResTime" : 7.0,
    "maxResTime" : 310.0,
    "pct1ResTime" : 310.0,
    "pct2ResTime" : 310.0,
    "pct3ResTime" : 310.0,
    "throughput" : 2.4752475247524752,
    "receivedKBytesPerSec" : 2.571936881188119,
    "sentKBytesPerSec" : 0.9185488861386139
  },
  "2. Login Traveler" : {
    "transaction" : "2. Login Traveler",
    "sampleCount" : 3,
    "errorCount" : 0,
    "errorPct" : 0.0,
    "meanResTime" : 163.33333333333334,
    "medianResTime" : 152.0,
    "minResTime" : 135.0,
    "maxResTime" : 203.0,
    "pct1ResTime" : 203.0,
    "pct2ResTime" : 203.0,
    "pct3ResTime" : 203.0,
    "throughput" : 2.0775623268698062,
    "receivedKBytesPerSec" : 3.2401045273545708,
    "sentKBytesPerSec" : 0.5254771900969529
  },
  "2. Property Search" : {
    "transaction" : "2. Property Search",
    "sampleCount" : 3,
    "errorCount" : 0,
    "errorPct" : 0.0,
    "meanResTime" : 102.0,
    "medianResTime" : 99.0,
    "minResTime" : 89.0,
    "maxResTime" : 118.0,
    "pct1ResTime" : 118.0,
    "pct2ResTime" : 118.0,
    "pct3ResTime" : 118.0,
    "throughput" : 2.2675736961451247,
    "receivedKBytesPerSec" : 17.737563775510203,
    "sentKBytesPerSec" : 0.2989477040816327
  }
}