{
  "Login Traveler" : {
    "transaction" : "Login Traveler",
    "sampleCount" : 10,
    "errorCount" : 10,
    "errorPct" : 100.0,
    "meanResTime" : 108.5,
    "medianResTime" : 103.0,
    "minResTime" : 96.0,
    "maxResTime" : 153.0,
    "pct1ResTime" : 149.4,
    "pct2ResTime" : 153.0,
    "pct3ResTime" : 153.0,
    "throughput" : 2.186748305270063,
    "receivedKBytesPerSec" : 2.3106070959982503,
    "sentKBytesPerSec" : 0.5360095943581893
  },
  "Total" : {
    "transaction" : "Total",
    "sampleCount" : 30,
    "errorCount" : 20,
    "errorPct" : 66.666664,
    "meanResTime" : 84.8,
    "medianResTime" : 100.0,
    "minResTime" : 8.0,
    "maxResTime" : 316.0,
    "pct1ResTime" : 145.80000000000007,
    "pct2ResTime" : 226.34999999999988,
    "pct3ResTime" : 316.0,
    "throughput" : 6.384337092998511,
    "receivedKBytesPerSec" : 21.10655192594169,
    "sentKBytesPerSec" : 1.59192780378804
  },
  "Create Booking" : {
    "transaction" : "Create Booking",
    "sampleCount" : 10,
    "errorCount" : 10,
    "errorPct" : 100.0,
    "meanResTime" : 41.0,
    "medianResTime" : 10.5,
    "minResTime" : 8.0,
    "maxResTime" : 316.0,
    "pct1ResTime" : 285.8000000000001,
    "pct2ResTime" : 316.0,
    "pct3ResTime" : 316.0,
    "throughput" : 2.280501710376283,
    "receivedKBytesPerSec" : 2.3695838084378567,
    "sentKBytesPerSec" : 0.8462799315849487
  },
  "Search Properties" : {
    "transaction" : "Search Properties",
    "sampleCount" : 10,
    "errorCount" : 0,
    "errorPct" : 0.0,
    "meanResTime" : 104.9,
    "medianResTime" : 101.5,
    "minResTime" : 90.0,
    "maxResTime" : 149.0,
    "pct1ResTime" : 145.4,
    "pct2ResTime" : 149.0,
    "pct3ResTime" : 149.0,
    "throughput" : 2.2099447513812156,
    "receivedKBytesPerSec" : 17.286774861878452,
    "sentKBytesPerSec" : 0.2913501381215469
  }
}