{
  "Property Search" : {
    "transaction" : "Property Search",
    "sampleCount" : 100,
    "errorCount" : 0,
    "errorPct" : 0.0,
    "meanResTime" : 108.76,
    "medianResTime" : 103.0,
    "minResTime" : 88.0,
    "maxResTime" : 508.0,
    "pct1ResTime" : 114.80000000000001,
    "pct2ResTime" : 139.0,
    "pct3ResTime" : 505.2399999999986,
    "throughput" : 3.3610056128793735,
    "receivedKBytesPerSec" : 26.29067867105838,
    "sentKBytesPerSec" : 0.4431013259167143
  },
  "Total" : {
    "transaction" : "Total",
    "sampleCount" : 100,
    "errorCount" : 0,
    "errorPct" : 0.0,
    "meanResTime" : 108.76,
    "medianResTime" : 103.0,
    "minResTime" : 88.0,
    "maxResTime" : 508.0,
    "pct1ResTime" : 114.80000000000001,
    "pct2ResTime" : 139.0,
    "pct3ResTime" : 505.2399999999986,
    "throughput" : 3.3610056128793735,
    "receivedKBytesPerSec" : 26.29067867105838,
    "sentKBytesPerSec" : 0.4431013259167143
  }
}