{
  "Total" : {
    "transaction" : "Total",
    "sampleCount" : 3,
    "errorCount" : 1,
    "errorPct" : 33.333332,
    "meanResTime" : 180.66666666666666,
    "medianResTime" : 167.0,
    "minResTime" : 103.0,
    "maxResTime" : 272.0,
    "pct1ResTime" : 272.0,
    "pct2ResTime" : 272.0,
    "pct3ResTime" : 272.0,
    "throughput" : 5.454545454545455,
    "receivedKBytesPerSec" : 18.947088068181817,
    "sentKBytesPerSec" : 1.3742897727272727
  },
  "3. Create Booking" : {
    "transaction" : "3. Create Booking",
    "sampleCount" : 1,
    "errorCount" : 1,
    "errorPct" : 100.0,
    "meanResTime" : 272.0,
    "medianResTime" : 272.0,
    "minResTime" : 272.0,
    "maxResTime" : 272.0,
    "pct1ResTime" : 272.0,
    "pct2ResTime" : 272.0,
    "pct3ResTime" : 272.0,
    "throughput" : 3.676470588235294,
    "receivedKBytesPerSec" : 3.820082720588235,
    "sentKBytesPerSec" : 1.3643152573529411
  },
  "2. Property Search" : {
    "transaction" : "2. Property Search",
    "sampleCount" : 1,
    "errorCount" : 0,
    "errorPct" : 0.0,
    "meanResTime" : 103.0,
    "medianResTime" : 103.0,
    "minResTime" : 103.0,
    "maxResTime" : 103.0,
    "pct1ResTime" : 103.0,
    "pct2ResTime" : 103.0,
    "pct3ResTime" : 103.0,
    "throughput" : 9.70873786407767,
    "receivedKBytesPerSec" : 75.94432645631069,
    "sentKBytesPerSec" : 1.2799605582524272
  },
  "1. Login Traveler" : {
    "transaction" : "1. Login Traveler",
    "sampleCount" : 1,
    "errorCount" : 0,
    "errorPct" : 0.0,
    "meanResTime" : 167.0,
    "medianResTime" : 167.0,
    "minResTime" : 167.0,
    "maxResTime" : 167.0,
    "pct1ResTime" : 167.0,
    "pct2ResTime" : 167.0,
    "pct3ResTime" : 167.0,
    "throughput" : 5.9880239520958085,
    "receivedKBytesPerSec" : 9.338744386227544,
    "sentKBytesPerSec" : 1.5145490269461077
  }
}