{
  "Property Search" : {
    "transaction" : "Property Search",
    "sampleCount" : 200,
    "errorCount" : 0,
    "errorPct" : 0.0,
    "meanResTime" : 103.20500000000003,
    "medianResTime" : 102.0,
    "minResTime" : 84.0,
    "maxResTime" : 358.0,
    "pct1ResTime" : 109.9,
    "pct2ResTime" : 113.0,
    "pct3ResTime" : 175.5700000000004,
    "throughput" : 3.346832223300646,
    "receivedKBytesPerSec" : 26.179810652966964,
    "sentKBytesPerSec" : 0.44123276381404997
  },
  "Total" : {
    "transaction" : "Total",
    "sampleCount" : 200,
    "errorCount" : 0,
    "errorPct" : 0.0,
    "meanResTime" : 103.20500000000003,
    "medianResTime" : 102.0,
    "minResTime" : 84.0,
    "maxResTime" : 358.0,
    "pct1ResTime" : 109.9,
    "pct2ResTime" : 113.0,
    "pct3ResTime" : 175.5700000000004,
    "throughput" : 3.346832223300646,
    "receivedKBytesPerSec" : 26.179810652966964,
    "sentKBytesPerSec" : 0.44123276381404997
  }
}