{
  "Total" : {
    "transaction" : "Total",
    "sampleCount" : 1500,
    "errorCount" : 0,
    "errorPct" : 0.0,
    "meanResTime" : 214.42133333333342,
    "medianResTime" : 188.0,
    "minResTime" : 78.0,
    "maxResTime" : 1034.0,
    "pct1ResTime" : 346.0,
    "pct2ResTime" : 363.9000000000001,
    "pct3ResTime" : 672.8100000000002,
    "throughput" : 9.980836793356755,
    "receivedKBytesPerSec" : 35.59246974974715,
    "sentKBytesPerSec" : 3.25546825095816
  },
  "3. Create Booking" : {
    "transaction" : "3. Create Booking",
    "sampleCount" : 500,
    "errorCount" : 0,
    "errorPct" : 0.0,
    "meanResTime" : 353.7600000000003,
    "medianResTime" : 339.0,
    "minResTime" : 314.0,
    "maxResTime" : 1034.0,
    "pct1ResTime" : 367.80000000000007,
    "pct2ResTime" : 406.6499999999999,
    "pct3ResTime" : 768.5900000000004,
    "throughput" : 3.334489289620402,
    "receivedKBytesPerSec" : 4.3895425414143565,
    "sentKBytesPerSec" : 1.9798530157121135
  },
  "2. Property Search" : {
    "transaction" : "2. Property Search",
    "sampleCount" : 500,
    "errorCount" : 0,
    "errorPct" : 0.0,
    "meanResTime" : 91.05399999999992,
    "medianResTime" : 87.0,
    "minResTime" : 78.0,
    "maxResTime" : 480.0,
    "pct1ResTime" : 96.0,
    "pct2ResTime" : 104.94999999999999,
    "pct3ResTime" : 204.69000000000028,
    "throughput" : 3.340124920672033,
    "receivedKBytesPerSec" : 26.1273443501787,
    "sentKBytesPerSec" : 0.44034850028391065
  },
  "1. Login Traveler" : {
    "transaction" : "1. Login Traveler",
    "sampleCount" : 500,
    "errorCount" : 0,
    "errorPct" : 0.0,
    "meanResTime" : 198.44999999999993,
    "medianResTime" : 188.0,
    "minResTime" : 127.0,
    "maxResTime" : 1031.0,
    "pct1ResTime" : 195.0,
    "pct2ResTime" : 273.95,
    "pct3ResTime" : 741.95,
    "throughput" : 3.33667000333667,
    "receivedKBytesPerSec" : 5.203771479813146,
    "sentKBytesPerSec" : 0.8439429012345679
  }
}